abbreviation,name,formula,charge,"formula, neutral",KEGG ID,CAS number   
12dgr,"1,2-Diacylglycerol",C5H6O5R2,0,,C00641,
12dag3p,"1,2-Diacyl-sn-glycerol 3-phosphate",C5H5O8PR2,-2,C5H7O8PR2,C00416,
10fthf,10-Formyltetrahydrofolate,C20H21N7O7,-2,C20H23N7O7,C00234,
1ag3p,1-Acyl-sn-glycerol 3-phosphate,C4H6O7PR,-2,C4H8O7PR,C00681,
dxyl5p,1-deoxy-D-xylulose 5-phosphate,C5H9O7P,-2,C5H11O7P,C11437,
2dr1p,2-Deoxy-D-ribose 1-phosphate,C5H9O7P,-2,C5H11O7P,C00672,
2dr5p,2-Deoxy-D-ribose 5-phosphate,C5H9O7P,-2,C5H11O7P,C00673,102916-66-5
2ins,2-Inosose,C6H10O6,0,,C00691,
2ohph,2-Octaprenyl-6-hydroxyphenol,C46H70O2,0,,C05811,
2omph,2-Octaprenyl-6-methoxyphenol,C47H72O2,0,,C05812,
akg,2-Oxoglutarate,C5H4O5,-2,C5H6O5,C00026,328-50-7
3pg,3-Phospho-D-glycerate,C3H4O7P,-3,C3H7O7P,C00197,
13dpg,3-Phospho-D-glyceroyl phosphate,C3H4O10P2,-4,C3H8O10P2,C00236,
4abut,4-Aminobutanoate,C4H9NO2,0,C4H9NO2,C00334,1956-12-02 00:00:00
4hba,4-Hydroxy-benzyl alcohol,C7H8O2,0,,,
4mpetz,4-Methyl-5-(2-phosphoethyl)-thiazole,C6H8NO4PS,-2,C6H10NO4PS,C04327,
methf,"5,10-Methenyltetrahydrofolate",C20H20N7O6,-1,C20H22N7O6,C00445,
mlthf,"5,10-Methylenetetrahydrofolate",C20H21N7O6,-2,C20H23N7O6,C00143,
thf,"5,6,7,8-Tetrahydrofolate",C19H21N7O6,-2,C19H23N7O6,C00101,135-16-0
5aop,5-Amino-4-oxopentanoate,C5H9NO3,0,C5H9NO3,C00430,106-60-5
prpp,5-Phospho-alpha-D-ribose 1-diphosphate,C5H8O14P3,-5,C5H13O14P3,C00119,
6pgg,"6-Phospho-beta-D-glucosyl-(1,4)-D-glucose",C12H21O14P,-2,C12H23O14P,C04534,
dhf,"7,8-Dihydrofolate",C19H19N7O6,-2,C19H21N7O6,C00415,4033-27-6
acald,Acetaldehyde,C2H4O,0,,C00084,75-07-0
ac,Acetate,C2H3O2,-1,C2H4O2,C00033,71-50-1
actp,Acetyl phosphate,C2H3O5P,-2,C2H5O5P,C00227,19926-71-7
accoa,Acetyl-CoA,C23H34N7O17P3S,-4,C23H38N7O17P3S,C00024,72-89-9
acoa,Acyl-CoA,C22H31N7O17P3RS,-4,C22H35N7O17P3RS,C00040,
ade,Adenine,C5H5N5,0,,C00147,73-24-5
adn,Adenosine,C10H13N5O4,0,,C00212,58-61-7
adp,ADP,C10H12N5O10P2,-3,C10H15N5O10P2,C00008,58-64-0
ala-L-gln-L,ala-L-gln-L,C8H15N3O4,0,C8H15N3O4,,
ala-L-glu-L,ala-L-glu-L,C8H15N3O4,0,C8H15N3O4,,
ala-L-his-L,Alanylhistidine,C9H14N4O3,0,C9H14N4O3,,
tre6p,"alpha,alpha'-Trehalose 6-phosphate",C12H21O14P,-2,C12H23O14P,C00689,4484-88-2
r1p,alpha-D-Ribose 1-phosphate,C5H9O8P,-2,C5H11O8P,C00442,58459-37-3
r5p,alpha-D-Ribose 5-phosphate,C5H9O8P,-2,C5H11O8P,C00117,4300-28-1
nh4,Ammonium,H4N,1,H3N,C01342,14798-03-9
amp,AMP,C10H12N5O7P,-2,C10H14N5O7P,C00020,61-19-8
arbt,Arbutin,C12H16O7,0,,C06186,
arbt6p,Arbutin 6-phosphate,C12H15O10P,-2,C12H17O10P,C06187,
atp,ATP,C10H12N5O13P3,-4,C10H16N5O13P3,C00002,56-65-5
g6p-B,beta-D-glucose 6-phosphate,C6H11O9P,-2,C6H13O9P,,
butpi,Butanoyl phosphate,C4H7O5P,-2,C4H9O5P,C02527,
btcoa,Butanoyl-CoA,C25H38N7O17P3S,-4,C25H42N7O17P3S,C00136,
but,Butyrate (n-C4:0),C4H7O2,-1,C4H8O2,C00246,107-92-6
ca2,Calcium,Ca,2,,C00076,7440-70-2
cdp,CDP,C9H12N3O11P2,-3,C9H15N3O11P2,C00112,63-38-7
cdpdag,CDPdiacylglycerol,C14H17N3O15P2R2,-2,C14H19N3O15P2R2,C00269,
cellb,cellobiose,C12H22O11,0,,C00185,
cl,Chloride,Cl,-1,,C00115,
chol,Choline,C5H14NO,1,,C00114,123-41-1
cholp,Choline phosphate,C5H13NO4P,-1,C5H15NO4P,C00588,
cmp,CMP,C9H12N3O8P,-2,C9H14N3O8P,C00055,
co2,CO2,CO2,0,,C00011,124-38-9
cobalt2,Co2+,Co,2,,C00175,7440-48-4
coa,Coenzyme A,C21H32N7O16P3S,-4,C21H36N7O16P3S,C00010,85-61-0
ctp,CTP,C9H12N3O14P3,-4,C9H16N3O14P3,C00063,65-47-4
cu2,Cu2+,Cu,2,,,
cgly,Cys-Gly,C5H10N2O3S,0,,C01419,19246-18-5
cytd,Cytidine,C9H13N3O5,0,,C00475,65-46-3
csn,Cytosine,C4H5N3O,0,,C00380,71-30-7
dadp,dADP,C10H12N5O9P2,-3,C10H15N5O9P2,C00206,
damp,dAMP,C10H12N5O6P,-2,C10H14N5O6P,C00360,653-63-4
datp,dATP,C10H12N5O12P3,-4,C10H16N5O12P3,C00131,1927-31-7
dcdp,dCDP,C9H12N3O10P2,-3,C9H15N3O10P2,C00705,
dcmp,dCMP,C9H12N3O7P,-2,C9H14N3O7P,C00239,1032-65-1
dctp,dCTP,C9H12N3O13P3,-4,C9H16N3O13P3,C00458,2056-98-6
dnad,Deamino-NAD+,C21H24N6O15P2,-2,C21H27N6O15P2,C00857,
dad-2,Deoxyadenosine,C10H13N5O3,0,,C00559,958-09-8
dcyt,Deoxycytidine,C9H13N3O4,0,,C00881,951-77-9
dgsn,Deoxyguanosine,C10H13N5O4,0,,C00330,961-07-9
din,Deoxyinosine,C10H12N4O4,0,,C05512,890-38-0
duri,Deoxyuridine,C9H12N2O5,0,,C00526,951-78-0
e4p,D-Erythrose 4-phosphate,C4H7O7P,-2,C4H9O7P,C00279,585-18-2
fru,D-Fructose,C6H12O6,0,,C00095,57-48-7
fdp,"D-Fructose 1,6-bisphosphate",C6H10O12P2,-4,C6H14O12P2,C00354,488-69-7
f1p,D-Fructose 1-phosphate,C6H11O9P,-2,C6H13O9P,C02976,15978-08-2
f6p,D-Fructose 6-phosphate,C6H11O9P,-2,C6H13O9P,C00085,643-13-0
gal,D-Galactose,C6H12O6,0,,C00124,59-23-4
dgdp,dGDP,C10H12N5O10P2,-3,,C00361,
gam,D-Glucosamine,C6H14NO5,1,C6H13NO5,C00329,3416-24-8
gam1p,D-Glucosamine 1-phosphate,C6H13NO8P,-1,C6H14NO8P,C06156,
gam6p,D-Glucosamine 6-phosphate,C6H13NO8P,-1,C6H14NO8P,C00352,3616-42-0
glc-D,D-Glucose,C6H12O6,0,,C00031,50-99-7
g1p,D-Glucose 1-phosphate,C6H11O9P,-2,C6H13O9P,C00103,59-56-3
g6p,D-Glucose 6-phosphate,C6H11O9P,-2,C6H13O9P,C00092,56-73-5
glyald,D-Glyceraldehyde,C3H6O3,0,,C00577,453-17-8
2pg,D-Glycerate 2-phosphate,C3H4O7P,-3,C3H7O7P,C00631,
dgmp,dGMP,C10H12N5O7P,-2,C10H14N5O7P,C00362,902-04-5
dgtp,dGTP,C10H12N5O13P3,-4,C10H16N5O13P3,C00286,2564-35-4
d12dg,"diglucosyl-1,2 diacylglycerol",C4636H8672O1500,0,,C06040,
dhap,Dihydroxyacetone phosphate,C3H5O6P,-2,C3H7O6P,C00111,1957-04-05 00:00:00
ppi,Diphosphate,HO7P2,-3,H4O7P2,C00013,2466-09-03 00:00:00
ditp,dITP,C10H11N4O13P3,-4,C10H15N4O13P3,C01345,
mnl,D-Mannitol,C6H14O6,0,,C00392,69-65-8
mnl1p,D-Mannitol 1-phosphate,C6H13O9P,-2,C6H15O9P,C00644,
man,D-Mannose,C6H12O6,0,,C00159,3458-28-4
man1p,D-Mannose 1-phosphate,C6H11O9P,-2,C6H13O9P,C03812,
man6p,D-Mannose 6-phosphate,C6H11O9P,-2,C6H13O9P,C00275,
rib-D,D-Ribose,C5H10O5,0,,C00121,50-69-1
ru5p-D,D-Ribulose 5-phosphate,C5H9O8P,-2,C5H11O8P,C00199,4151-19-3
dtdp,dTDP,C10H13N2O11P2,-3,C10H16N2O11P2,C00363,
dtmp,dTMP,C10H13N2O8P,-2,C10H15N2O8P,C00364,365-07-1
dttp,dTTP,C10H13N2O14P3,-4,C10H17N2O14P3,C00459,
dudp,dUDP,C9H11N2O11P2,-3,C9H14N2O11P2,C01346,
dump,dUMP,C9H11N2O8P,-2,C9H13N2O8P,C00365,964-26-1
dutp,dUTP,C9H11N2O14P3,-4,C9H15N2O14P3,C00460,
xu5p-D,D-Xylulose 5-phosphate,C5H9O8P,-2,C5H11O8P,C00231,
fe2,Fe2+,Fe,2,,C00023,
fe3,Fe3+,Fe,3,,,
fad,Flavin adenine dinucleotide oxidized,C27H31N9O15P2,-2,C27H33N9O15P2,C00016,146-14-5
fmn,FMN,C17H19N4O9P,-2,C17H21N4O9P,C00061,146-17-8
fol,Folate,C19H18N7O6,-1,C19H19N7O6,C00504,
gdp,GDP,C10H12N5O11P2,-3,C10H15N5O11P2,C00035,146-91-8
g3p,Glyceraldehyde 3-phosphate,C3H5O6P,-2,C3H7O6P,C00661,142-10-9
glyc,Glycerol,C3H8O3,0,,C00116,56-81-5
glyc3p,Glycerol 3-phosphate,C3H7O6P,-2,C3H9O6P,C00093,
gly,Glycine,C2H5NO2,0,C2H5NO2,C00037,56-40-6
gly-asn-L,glycyl-L-asparagine,C6H11N3O4,0,C6H11N3O4,,
gly-glu-L,glycyl-L-glutamic acid,C7H11N2O5,-1,C7H12N2O5,,
glytrna,Glycyl-tRNA(Gly),C2H4NOR,1,,C02412,
gmp,GMP,C10H12N5O8P,-2,,C00144,85-32-5
gtp,GTP,C10H12N5O14P3,-4,C10H16N5O14P3,C00044,1986-01-01 00:00:00
gua,Guanine,C5H5N5O,0,,C00242,73-40-5
gsn,Guanosine,C10H13N5O5,0,,C00387,118-00-3
h,H+,H,1,,C00080,12408-02-5
h2o,H2O,H2O,0,,C00001,7732-18-5
h2o2,Hydrogen peroxide,H2O2,0,,C00027,7722-84-1
hxan,Hypoxanthine,C5H4N4O,0,,C00262,68-94-0
idp,IDP,C10H11N4O11P2,-3,C10H14N4O11P2,C00104,1986-04-04 00:00:00
imp,IMP,C10H11N4O8P,-2,C10H13N4O8P,C00130,131-99-7
pppi,Inorganic triphosphate,HO10P3,-4,H5O10P3,C03279,
ins,Inosine,C10H12N4O5,0,,C00294,58-63-9
itp,ITP,C10H11N4O14P3,-4,C10H15N4O14P3,C00081,132-06-9
ala-L,L-Alanine,C3H7NO2,0,C3H7NO2,C00041,56-41-7
L-alagly,L-alanylglycine,C5H10N2O3,0,C5H10N2O3,,
ala-L-asp-L,L-alanyl-L-aspartate,C7H11N2O5,-1,C7H12N2O5,,
alatrna,L-Alanyl-tRNA(Ala),C3H6NOR,1,,C00886,
arg-L,L-Arginine,C6H15N4O2,1,C6H14N4O2,C00062,74-79-3
argtrna,L-Arginyl-tRNA(Arg),C6H14N4OR,2,,C02163,
asn-L,L-Asparagine,C4H8N2O3,0,C4H8N2O3,C00152,70-47-3
asntrna,L-Asparaginyl-tRNA(Asn),C4H7N2O2R,1,,C03402,
asp-L,L-Aspartate,C4H6NO4,-1,C4H7NO4,C00049,56-84-8
asptrna,L-Aspartyl-tRNA(Asp),C4H5NO3R,0,,C02984,
cys-L,L-Cysteine,C3H7NO2S,0,C3H7NO2S,C00097,52-90-4
cystrna,L-Cysteinyl-tRNA(Cys),C3H6NOSR,1,,C03125,
glu-L,L-Glutamate,C5H8NO4,-1,C5H9NO4,C00025,56-86-0
gln-L,L-Glutamine,C5H10N2O3,0,C5H10N2O3,C00064,56-85-9
glntrna,L-Glutaminyl-tRNA(Gln),C5H9N2O2R,1,,C02282,
glutrna,L-Glutamyl-tRNA(Glu),C5H7NO3R,0,C5H7NO3R,C02987,
gly-gln-L,L-Glycylglutamine,C7H13N3O4,0,C7H13N3O4,,
his-L,L-Histidine,C6H9N3O2,0,C6H9N3O2,C00135,71-00-1
histrna,L-Histidyl-tRNA(His),C6H8N3OR,1,,C02988,
ile-L,L-Isoleucine,C6H13NO2,0,C6H13NO2,C00407,73-32-5
iletrna,L-Isoleucyl-tRNA(Ile),C6H12NOR,1,,C03127,
lac-L,L-Lactate,C3H5O3,-1,C3H6O3,C00186,79-33-4
leu-L,L-Leucine,C6H13NO2,0,C6H13NO2,C00123,61-90-5
leutrna,L-Leucyl-tRNA(Leu),C6H12NOR,1,,C02047,
lys-L,L-Lysine,C6H15N2O2,1,C6H14N2O2,C00047,56-87-1
lystrna,L-Lysine-tRNA (Lys),C6H14N2OR,2,,C01931,
met-L,L-Methionine,C5H11NO2S,0,C5H11NO2S,C00073,63-68-3
metox-R,L-methionine R-oxide,C5H11NO3S,0,,,
metox,L-Methionine S-oxide,C5H11NO3S,0,,C02989,
mettrna,L-Methionyl-tRNA (Met),C5H10NOSR,1,,C02430,
orn-L,L-Ornithine,C5H13N2O2,1,C5H12N2O2,"C01602, C00077",
phe-L,L-Phenylalanine,C9H11NO2,0,C9H11NO2,C00079,63-91-2
phetrna,L-Phenylalanyl-tRNA(Phe),C9H10NOR,1,,C03511,
pro-L,L-Proline,C5H9NO2,0,C5H9NO2,C00148,147-85-3
gly-pro-L,"L-Proline, 1-glycyl-",C7H12N2O3,0,,,
protrna,L-Prolyl-tRNA(Pro),C5H8NOR,1,,C02702,
ser-L,L-Serine,C3H7NO3,0,C3H7NO3,C00065,56-45-1
sertrna,L-Seryl-tRNA(Ser),C3H6NO2R,1,,C02553,
thr-L,L-Threonine,C4H9NO3,0,C4H9NO3,C00188,72-19-5
thrtrna,L-Threonyl-tRNA(Thr),C4H8NO2R,1,,C02992,
trp-L,L-Tryptophan,C11H12N2O2,0,C11H12N2O2,C00078,73-22-3
trptrna,L-Tryptophanyl-tRNA(Trp),C11H11N2OR,1,,C03512,
tyr-L,L-Tyrosine,C9H11NO3,0,C9H11NO3,C00082,60-18-4
tyrtrna,L-Tyrosyl-tRNA(Tyr),C9H10NO2R,1,,C02839,
val-L,L-Valine,C5H11NO2,0,C5H11NO2,C00183,72-18-4
valtrna,L-Valyl-tRNA(Val),C5H10NOR,1,,C02554,
mg2,Magnesium,Mg,2,Mg,C00305,
msa,Malonate semialdehyde,C3H3O3,-1,C3H4O3,C00222,
malt,Maltose,C12H22O11,0,,C00208,69-79-4
malt6p,Maltose 6'-phosphate,C12H21O14P,-2,C12H23O14P,C02995,
mql7,Menaquinol 7,C46H66O2,0,,C05819,
mqn7,Menaquinone 7,C46H64O2,0,,C00828,
met-L-ala-L,met-L-ala-L,C8H16N2O3S,0,,,
tcam,"minor teichoic acid (acetylgalactosamine glucose phosphate, n=30)",C420H750N30O420P30,-30,C420H780N30O420P30,,
mn2,Mn2+,Mn,2,,C00034,
mobd,Molybdate,MoO4,-2,H2MoO4,C06232,
m12dg,"monoglucosyl-1,2 diacylglycerol",C4036H7672O1000,0,,C04046,
inost,myo-Inositol,C6H12O6,0,,C00137,87-89-8
C03153,N5-Methyl-L-glutamine,C6H12N2O3,-1,C6H13N2O3,C03153,
acgam,N-Acetyl-D-glucosamine,C8H15NO6,0,,C00140,7512-17-6
acgam1p,N-Acetyl-D-glucosamine 1-phosphate,C8H14NO9P,-2,C8H16NO9P,C04256,
acgam6p,N-Acetyl-D-glucosamine 6-phosphate,C8H14NO9P,-2,C8H16NO9P,C00357,102029-88-9
fmettrna,N-Formylmethionyl-tRNA,C6H9NO2SR,0,,C03294,
gly-asp-L,N-glycyl-L-aspartic acid,C6H9N2O5,-1,C6H10N2O5,,
gly-met-L,N-Glycyl-L-methionine,C7H14N2O3S,0,C7H14N2O3S,,
ni2,Nickel,Ni,2,,C00291,
nad,Nicotinamide adenine dinucleotide,C21H26N7O14P2,-1,C21H28N7O14P2,C00003,53-84-9
nadh,Nicotinamide adenine dinucleotide - reduced,C21H27N7O14P2,-2,C21H29N7O14P2,C00004,58-68-4
nadp,Nicotinamide adenine dinucleotide phosphate,C21H25N7O17P3,-3,,C00006,53-59-8
nadph,Nicotinamide adenine dinucleotide phosphate - reduced,C21H26N7O17P3,-4,C21H30N7O17P3,C00005,2646-71-1
nac,Nicotinate,C6H4NO2,-1,C6H5NO2,C00253,59-67-6
nicrnt,Nicotinate D-ribonucleotide,C11H12NO9P,-2,C11H15NO9P,C01185,
ala-L-leu-L,N-L-Alanyl-L-leucine,C9H18N2O3,0,C9H18N2O3,,
ala-L-thr-L,N-L-alanyl-L-threonine,C7H14N2O4,0,C7H14N2O4,,
nmn,NMN,C11H14N2O8P,-1,,C00455,1094-61-7
trdox,Oxidized thioredoxin,C6H7NO2S2R2,0,,C00343,
pi,Phosphate,HO4P,-2,H3O4P,C00009,14265-44-2
pglyp,Phosphatidylglycerophosphate,C8H11O13P2R2,-3,C8H14O13P2R2,C03892,
pep,Phosphoenolpyruvate,C3H2O6P,-3,C3H5O6P,C00074,138-08-9
k,Potassium,K,1,,C00238,
ppap,Propanoyl phosphate,C3H5O5P,-2,,C02876,
ppcoa,Propanoyl-CoA,C24H36N7O17P3S,-4,C24H40N7O17P3S,C00100,317-66-8
ppa,Propionate (n-C3:0),C3H5O2,-1,C3H6O2,C00163,1979-09-04 00:00:00
psd5p,Pseudouridine 5'-phosphate,C9H11N2O9P,-2,C9H13N2O9P,C01168,
ptrc,Putrescine,C4H14N2,2,C4H12N2,C00134,110-60-1
pydx,Pyridoxal,C8H9NO3,0,C8H9NO3,C00250,66-72-8
pydx5p,Pyridoxal 5'-phosphate,C8H8NO6P,-2,C8H10NO6P,C00018,54-47-7
pyr,Pyruvate,C3H3O3,-1,C3H4O3,C00022,127-17-3
trdrd,Reduced thioredoxin,C6H9NO2S2R2,0,,C00342,
ribflv,Riboflavin,C17H20N4O6,0,,C00255,83-88-5
ahcys,S-Adenosyl-L-homocysteine,C14H20N6O5S,0,C14H20N6O5S,C00021,979-92-0
amet,S-Adenosyl-L-methionine,C15H23N6O5S,1,C15H23N6O5S,C00019,29908-03-0
salcn,Salicin,C13H18O7,0,,C01451,
salc6p,Salicin 6-phosphate,C13H17O10P,-2,C13H19O10P,C06188,
s7p,Sedoheptulose 7-phosphate,C7H13O10P,-2,C7H15O10P,C00281,
spmd,Spermidine,C7H22N3,3,C7H19N3,C00315,124-20-9
succoa,Succinyl-CoA,C25H35N7O19P3S,-5,C25H40N7O19P3S,C00091,604-98-8
sucr,Sucrose,C12H22O11,0,,C00089,57-50-1
suc6p,Sucrose 6-phosphate,C12H21O14P,-2,C12H23O14P,C02591,
so4,Sulfate,O4S,-2,H2O4S,C00059,7664-93-9
teich-45,"teichuronic acid (GlcA + GalNac, 45 repeating unit)",C630H945N45O630P45,-45,,,
thm,Thiamin,C12H17N4OS,1,C12H17N4OS,C00378,1967-03-08 00:00:00
thmpp,Thiamine diphosphate,C12H16N4O7P2S,-2,C12H19N4O7P2S,C00068,154-87-0
thymd,Thymidine,C10H14N2O5,0,,C00214,50-89-5
thym,Thymine,C5H6N2O2,0,,C00178,65-71-4
tre,Trehalose,C12H22O11,0,,C01083,99-20-7
t12dg,"triglucosyl-1,2 diacylglycerol",C5236H9672O2000,0,,C06041,
trnaglu,tRNA (Glu),HOR,0,,C01641,
trnaala,tRNA(Ala),HOR,0,,C01635,
trnaarg,tRNA(Arg),HOR,0,,C01636,
trnaasn,tRNA(Asn),HOR,0,,C01637,
trnaasp,tRNA(Asp),HOR,0,,C01638,
trnacys,tRNA(Cys),HOR,0,,C01639,
trnagly,tRNA(Gly),HOR,0,,C01642,
trnahis,tRNA(His),HOR,0,,C01643,
trnaile,tRNA(Ile),HOR,0,,C01644,
trnaleu,tRNA(Leu),HOR,0,,C01645,
trnalys,tRNA(Lys),HOR,0,,C01646,
trnamet,tRNA(Met),HOR,0,,C01647,
trnaphe,tRNA(Phe),HOR,0,,C01648,
trnapro,tRNA(Pro),HOR,0,,C01649,
trnaser,tRNA(Ser),HOR,0,,C01650,
trnathr,tRNA(Thr),HOR,0,,C01651,
trnatrp,tRNA(Trp),HOR,0,,C01652,
trnatyr,tRNA(Tyr),HOR,0,,C00787,
trnaval,tRNA(Val),HOR,0,,C01653,
udp,UDP,C9H11N2O12P2,-3,C9H14N2O12P2,C00015,58-98-0
udpgalfur,"UDP-D-galacto-1,4-furanose",C15H22N2O17P2,-2,C15H24N2O17P2,C03733,638-23-3
udpglcur,UDP-D-glucuronate,C15H19N2O18P2,-3,C15H22N2O18P2,C00167,
udpgal,UDPgalactose,C15H22N2O17P2,-2,C15H24N2O17P2,C00052,
udpg,UDPglucose,C15H22N2O17P2,-2,C15H24N2O17P2,C00029,
uacgala,UDP-N-acetyl-D-galactosamine,C17H25N3O17P2,-2,C17H27N3O17P2,C00203,
uacgam,UDP-N-acetyl-D-glucosamine,C17H25N3O17P2,-2,C17H27N3O17P2,C00043,
ump,UMP,C9H11N2O9P,-2,C9H13N2O9P,C00105,58-97-9
ura,Uracil,C4H4N2O2,0,,C00106,66-22-8
uri,Uridine,C9H12N2O6,0,,C00299,58-96-8
utp,UTP,C9H11N2O15P3,-4,C9H15N2O15P3,C00075,63-39-8
xan,Xanthine,C5H4N4O2,0,,C00385,69-89-6
xtsn,Xanthosine,C10H12N4O6,0,,C01762,146-80-5
xtp,XTP,C10H11N4O15P3,-4,C10H15N4O15P3,C00700,
zn2,Zinc,Zn,2,,C00038,7440-66-6
